[1] #ENSDARG00000007745_DR	[2] #ENSDARG00000007745_BM	-7.21905791 	0.00000000
[1] #ENSDARG00000007745_DR	[3] #ENSDARG00000007745_BB	-7.22405374 	0.00000000
[2] #ENSDARG00000007745_BM	[3] #ENSDARG00000007745_BB	-3.11420064 	0.00230694
[1] #ENSDARG00000009685_DR	[2] #ENSDARG00000009685_BM	-5.55903559 	0.00000017
[1] #ENSDARG00000009685_DR	[3] #ENSDARG00000009685_BB	-6.66392046 	0.00000000
[2] #ENSDARG00000009685_BM	[3] #ENSDARG00000009685_BB	-2.71972681 	0.00750394
[1] #ENSDARG00000010113_DR	[2] #ENSDARG00000010113_BM	-6.50444410 	0.00000000
[1] #ENSDARG00000010113_DR	[3] #ENSDARG00000010113_BB	-6.45181193 	0.00000000
[2] #ENSDARG00000010113_BM	[3] #ENSDARG00000010113_BB	-0.94819948 	0.34493353
[1] #ENSDARG00000010149_BB	[2] #ENSDARG00000010149_DR	-5.17029428 	0.00000095
[1] #ENSDARG00000010149_BB	[3] #ENSDARG00000010149_BM	-3.46841104 	0.00072772
[2] #ENSDARG00000010149_DR	[3] #ENSDARG00000010149_BM	-5.21358233 	0.00000078
[1] #ENSDARG00000011146_DR	[2] #ENSDARG00000011146_BM	-6.99615413 	0.00000000
[1] #ENSDARG00000011146_DR	[3] #ENSDARG00000011146_BB	-6.61165100 	0.00000000
[2] #ENSDARG00000011146_BM	[3] #ENSDARG00000011146_BB	 0.06242364 	0.95032932
[1] #ENSDARG00000011175_DR	[2] #ENSDARG00000011175_BM	-9.22762573 	0.00000000
[1] #ENSDARG00000011175_DR	[3] #ENSDARG00000011175_BB	-9.45020371 	0.00000000
[2] #ENSDARG00000011175_BM	[3] #ENSDARG00000011175_BB	-1.49368970 	0.13788153
[1] #ENSDARG00000011553_DR	[2] #ENSDARG00000011553_BM	-7.93054136 	0.00000000
[1] #ENSDARG00000011553_DR	[3] #ENSDARG00000011553_BB	-6.53393783 	0.00000000
[2] #ENSDARG00000011553_BM	[3] #ENSDARG00000011553_BB	-0.85167479 	0.39609106
[1] #ENSDARG00000011841_DR	[2] #ENSDARG00000011841_BM	-4.32234054 	0.00003205
[1] #ENSDARG00000011841_DR	[3] #ENSDARG00000011841_BB	-4.07851808 	0.00008190
[2] #ENSDARG00000011841_BM	[3] #ENSDARG00000011841_BB	-0.65994635 	0.51055295
[1] #ENSDARG00000012388_DR	[2] #ENSDARG00000012388_BM	-5.02033436 	0.00000181
[1] #ENSDARG00000012388_DR	[3] #ENSDARG00000012388_BB	-5.57768521 	0.00000015
[2] #ENSDARG00000012388_BM	[3] #ENSDARG00000012388_BB	-0.61568073 	0.53927124
[1] #ENSDARG00000013044_DR	[2] #ENSDARG00000013044_BM	-8.09211962 	0.00000000
[1] #ENSDARG00000013044_DR	[3] #ENSDARG00000013044_BB	-8.54248894 	0.00000000
[2] #ENSDARG00000013044_BM	[3] #ENSDARG00000013044_BB	-0.54089043 	0.58958575
[1] #ENSDARG00000013333_DR	[2] #ENSDARG00000013333_BM	-7.03382274 	0.00000000
[1] #ENSDARG00000013333_DR	[3] #ENSDARG00000013333_BB	-6.78031083 	0.00000000
[2] #ENSDARG00000013333_BM	[3] #ENSDARG00000013333_BB	-3.75053302 	0.00027309
[1] #ENSDARG00000013443_BM	[2] #ENSDARG00000013443_BB	[ -3.2670717	 0.0014172
[1] #ENSDARG00000013443_BM	[3] #ENSDARG00000013443_DR	][-10.350592	 0.0000000
[2] #ENSDARG00000013443_BB	[3] #ENSDARG00000013443_DR	 [ -9.996889	  0.000000
[1] #ENSDARG00000014313_DR	[2] #ENSDARG00000014313_BM	-5.48775862 	0.00000023
[1] #ENSDARG00000014313_DR	[3] #ENSDARG00000014313_BB	-5.61717350 	0.00000013
[2] #ENSDARG00000014313_BM	[3] #ENSDARG00000014313_BB	-1.64542506 	0.10249909
[1] #ENSDARG00000014794_BM	[2] #ENSDARG00000014794_DR	-5.02923166 	0.00000174
[1] #ENSDARG00000014794_BM	[3] #ENSDARG00000014794_BB	-2.19686082 	0.02995168
[2] #ENSDARG00000014794_DR	[3] #ENSDARG00000014794_BB	-4.27133758 	0.00003911
[1] #ENSDARG00000014915_DR	[2] #ENSDARG00000014915_BM	-3.80356076 	0.00022582
[1] #ENSDARG00000014915_DR	[3] #ENSDARG00000014915_BB	-3.45075290 	0.00077238
[2] #ENSDARG00000014915_BM	[3] #ENSDARG00000014915_BB	-0.94712003 	0.34548096
[1] #ENSDARG00000015174_DR	[2] #ENSDARG00000015174_BM	-7.48553249 	0.00000000
[1] #ENSDARG00000015174_DR	[3] #ENSDARG00000015174_BB	-7.76124618 	0.00000000
[2] #ENSDARG00000015174_BM	[3] #ENSDARG00000015174_BB	-2.32926739 	0.02151693
[1] #ENSDARG00000015385_DR	[2] #ENSDARG00000015385_BM	-6.81067923 	0.00000000
[1] #ENSDARG00000015385_DR	[3] #ENSDARG00000015385_BB	-6.54318451 	0.00000000
[2] #ENSDARG00000015385_BM	[3] #ENSDARG00000015385_BB	-2.15049940 	0.03352138
[1] #ENSDARG00000015978_DR	[2] #ENSDARG00000015978_BM	-5.11910461 	0.00000118
[1] #ENSDARG00000015978_DR	[3] #ENSDARG00000015978_BB	-4.91127897 	0.00000289
[2] #ENSDARG00000015978_BM	[3] #ENSDARG00000015978_BB	-1.28874430 	0.19996600
[1] #ENSDARG00000016721_DR	[2] #ENSDARG00000016721_BM	[-12.8042125	 0.0000000
[1] #ENSDARG00000016721_DR	[3] #ENSDARG00000016721_BB	][-13.465818	 0.0000000
[2] #ENSDARG00000016721_BM	[3] #ENSDARG00000016721_BB	 [ -4.972187	  0.000002
[1] #ENSDARG00000016835_BM	[2] #ENSDARG00000016835_BB	[ -1.2584180	 0.2106835
[1] #ENSDARG00000016835_BM	[3] #ENSDARG00000016835_DR	][-12.015120	 0.0000000
[2] #ENSDARG00000016835_BB	[3] #ENSDARG00000016835_DR	 [-10.531271	  0.000000
[1] #ENSDARG00000017775_DR	[2] #ENSDARG00000017775_BM	-4.93415864 	0.00000262
[1] #ENSDARG00000017775_DR	[3] #ENSDARG00000017775_BB	-5.09352616 	0.00000132
[2] #ENSDARG00000017775_BM	[3] #ENSDARG00000017775_BB	-1.32110935 	0.18897851
[1] #ENSDARG00000019332_BM	[2] #ENSDARG00000019332_DR	-5.74459635 	0.00000007
[1] #ENSDARG00000019332_BM	[3] #ENSDARG00000019332_BB	-1.62223041 	0.10737846
[2] #ENSDARG00000019332_DR	[3] #ENSDARG00000019332_BB	-4.75429954 	0.00000559
[1] #ENSDARG00000019404_BM	[2] #ENSDARG00000019404_DR	-4.88195371 	0.00000327
[1] #ENSDARG00000019404_BM	[3] #ENSDARG00000019404_BB	-0.26711891 	0.78983613
[2] #ENSDARG00000019404_DR	[3] #ENSDARG00000019404_BB	-4.64059715 	0.00000894
[1] #ENSDARG00000020847_DR	[2] #ENSDARG00000020847_BB	[ -9.1488672	 0.0000000
[1] #ENSDARG00000020847_DR	[3] #ENSDARG00000020847_BM	][-13.095722	 0.0000000
[2] #ENSDARG00000020847_BB	[3] #ENSDARG00000020847_BM	 [ -3.622525	  0.000428
[1] #ENSDARG00000021984_DR	[2] #ENSDARG00000021984_BM	-5.62138651 	0.00000013
[1] #ENSDARG00000021984_DR	[3] #ENSDARG00000021984_BB	-5.34651547 	0.00000043
[2] #ENSDARG00000021984_BM	[3] #ENSDARG00000021984_BB	-1.33782703 	0.18348266
[1] #ENSDARG00000022315_DR	[2] #ENSDARG00000022315_BM	-4.75311695 	0.00000562
[1] #ENSDARG00000022315_DR	[3] #ENSDARG00000022315_BB	-5.20762025 	0.00000080
[2] #ENSDARG00000022315_BM	[3] #ENSDARG00000022315_BB	-1.37186645 	0.17266436
[1] #ENSDARG00000022438_DR	[2] #ENSDARG00000022438_BM	-3.82795642 	0.00020678
[1] #ENSDARG00000022438_DR	[3] #ENSDARG00000022438_BB	-4.12822958 	0.00006784
[2] #ENSDARG00000022438_BM	[3] #ENSDARG00000022438_BB	-2.21796120 	0.02843970
[1] #ENSDARG00000022509_BB	[2] #ENSDARG00000022509_DR	-5.40755487 	0.00000033
[1] #ENSDARG00000022509_BB	[3] #ENSDARG00000022509_BM	-0.10824740 	0.91398024
[2] #ENSDARG00000022509_DR	[3] #ENSDARG00000022509_BM	-4.82804778 	0.00000411
[1] #ENSDARG00000023967_DR	[2] #ENSDARG00000023967_BM	[-10.3511535	 0.0000000
[1] #ENSDARG00000023967_DR	[3] #ENSDARG00000023967_BB	][-10.108245	 0.0000000
[2] #ENSDARG00000023967_BM	[3] #ENSDARG00000023967_BB	 [ -2.296091	  0.023405
[1] #ENSDARG00000028546_DR	[2] #ENSDARG00000028546_BM	[-12.4972080	 0.0000000
[1] #ENSDARG00000028546_DR	[3] #ENSDARG00000028546_BB	][-11.958495	 0.0000000
[2] #ENSDARG00000028546_BM	[3] #ENSDARG00000028546_BB	 [ -4.199070	  0.000051
[1] #ENSDARG00000028889_DR	[2] #ENSDARG00000028889_BM	-6.15208352 	0.00000001
[1] #ENSDARG00000028889_DR	[3] #ENSDARG00000028889_BB	-6.42041550 	0.00000000
[2] #ENSDARG00000028889_BM	[3] #ENSDARG00000028889_BB	-2.32843207 	0.02156279
[1] #ENSDARG00000029064_DR	[2] #ENSDARG00000029064_BM	-4.77019384 	0.00000523
[1] #ENSDARG00000029064_DR	[3] #ENSDARG00000029064_BB	-4.84272411 	0.00000386
[2] #ENSDARG00000029064_BM	[3] #ENSDARG00000029064_BB	-0.14433606 	0.88547723
[1] #ENSDARG00000030139_BM	[2] #ENSDARG00000030139_BB	-0.52889486 	0.59785532
[1] #ENSDARG00000030139_BM	[3] #ENSDARG00000030139_DR	-5.36203490 	0.00000041
[2] #ENSDARG00000030139_BB	[3] #ENSDARG00000030139_DR	-5.48506025 	0.00000023
[1] #ENSDARG00000030441_DR	[2] #ENSDARG00000030441_BM	-5.93415063 	0.00000003
[1] #ENSDARG00000030441_DR	[3] #ENSDARG00000030441_BB	-6.43291848 	0.00000000
[2] #ENSDARG00000030441_BM	[3] #ENSDARG00000030441_BB	-2.86237630 	0.00496310
[1] #ENSDARG00000030694_BM	[2] #ENSDARG00000030694_DR	-7.91854482 	0.00000000
[1] #ENSDARG00000030694_BM	[3] #ENSDARG00000030694_BB	-1.88432684 	0.06194020
[2] #ENSDARG00000030694_DR	[3] #ENSDARG00000030694_BB	-7.83501621 	0.00000000
[1] #ENSDARG00000031681_BM	[2] #ENSDARG00000031681_DR	-4.25776523 	0.00004123
[1] #ENSDARG00000031681_BM	[3] #ENSDARG00000031681_BB	-2.53552965 	0.01251304
[2] #ENSDARG00000031681_DR	[3] #ENSDARG00000031681_BB	-4.08125260 	0.00008106
[1] #ENSDARG00000032970_BB	[2] #ENSDARG00000032970_DR	-6.51063975 	0.00000000
[1] #ENSDARG00000032970_BB	[3] #ENSDARG00000032970_BM	-0.92865622 	0.35493151
[2] #ENSDARG00000032970_DR	[3] #ENSDARG00000032970_BM	-6.44664440 	0.00000000
[1] #ENSDARG00000033789_DR	[2] #ENSDARG00000033789_BM	-4.78009861 	0.00000502
[1] #ENSDARG00000033789_DR	[3] #ENSDARG00000033789_BB	-4.71456349 	0.00000659
[2] #ENSDARG00000033789_BM	[3] #ENSDARG00000033789_BB	-2.52390649 	0.01291229
[1] #ENSDARG00000034309_DR	[2] #ENSDARG00000034309_BM	-9.79009293 	0.00000000
[1] #ENSDARG00000034309_DR	[3] #ENSDARG00000034309_BB	-9.20566848 	0.00000000
[2] #ENSDARG00000034309_BM	[3] #ENSDARG00000034309_BB	-1.40873636 	0.16149899
[1] #ENSDARG00000034534_DR	[2] #ENSDARG00000034534_BM	-6.66580747 	0.00000000
[1] #ENSDARG00000034534_DR	[3] #ENSDARG00000034534_BB	-6.97116659 	0.00000000
[2] #ENSDARG00000034534_BM	[3] #ENSDARG00000034534_BB	-2.05567673 	0.04198312
[1] #ENSDARG00000035538_DR	[2] #ENSDARG00000035538_BM	[-12.4140387	 0.0000000
[1] #ENSDARG00000035538_DR	[3] #ENSDARG00000035538_BB	][-13.727753	 0.0000000
[2] #ENSDARG00000035538_BM	[3] #ENSDARG00000035538_BB	 [ -2.561441	  0.011662
[1] #ENSDARG00000035565_BB	[2] #ENSDARG00000035565_DR	-6.51650650 	0.00000000
[1] #ENSDARG00000035565_BB	[3] #ENSDARG00000035565_BM	-2.87882284 	0.00472753
[2] #ENSDARG00000035565_DR	[3] #ENSDARG00000035565_BM	-6.36954001 	0.00000000
[1] #ENSDARG00000035880_BB	[2] #ENSDARG00000035880_BM	-1.47118191 	0.14385944
[1] #ENSDARG00000035880_BB	[3] #ENSDARG00000035880_DR	-9.15162479 	0.00000000
[2] #ENSDARG00000035880_BM	[3] #ENSDARG00000035880_DR	-8.33725166 	0.00000000
[1] #ENSDARG00000036329_DR	[2] #ENSDARG00000036329_BM	-3.34129572 	0.00111209
[1] #ENSDARG00000036329_DR	[3] #ENSDARG00000036329_BB	-3.67258238 	0.00035992
[2] #ENSDARG00000036329_BM	[3] #ENSDARG00000036329_BB	 1.15804323 	0.24914603
[1] #ENSDARG00000036438_BM	[2] #ENSDARG00000036438_DR	-6.27051055 	0.00000001
[1] #ENSDARG00000036438_BM	[3] #ENSDARG00000036438_BB	-3.98993820 	0.00011414
[2] #ENSDARG00000036438_DR	[3] #ENSDARG00000036438_BB	-6.24695469 	0.00000001
[1] #ENSDARG00000036577_DR	[2] #ENSDARG00000036577_BM	            	
[1] #ENSDARG00000036577_DR			
[2] #ENSDARG00000036577_BM			
[1] #ENSDARG00000036684_DR	[2] #ENSDARG00000036684_BM	-4.86485777 	0.00000352
[1] #ENSDARG00000036684_DR	[3] #ENSDARG00000036684_BB	-4.85335740 	0.00000369
[2] #ENSDARG00000036684_BM	[3] #ENSDARG00000036684_BB	 0.30676062 	0.75955724
[1] #ENSDARG00000037153_DR	[2] #ENSDARG00000037153_BB	            	
[1] #ENSDARG00000037153_DR			
[2] #ENSDARG00000037153_BB			
[1] #ENSDARG00000037259_DR	[2] #ENSDARG00000037259_BM	-2.44252304 	0.01604217
[1] #ENSDARG00000037259_DR	[3] #ENSDARG00000037259_BB	-2.80485076 	0.00587408
[2] #ENSDARG00000037259_BM	[3] #ENSDARG00000037259_BB	 2.46919545 	0.01494899
[1] #ENSDARG00000037860_DR	[2] #ENSDARG00000037860_BM	-6.82064151 	0.00000000
[1] #ENSDARG00000037860_DR	[3] #ENSDARG00000037860_BB	-7.38693159 	0.00000000
[2] #ENSDARG00000037860_BM	[3] #ENSDARG00000037860_BB	-0.43764028 	0.66243375
[1] #ENSDARG00000037867_BM	[2] #ENSDARG00000037867_BB	-0.30268164 	0.76265654
[1] #ENSDARG00000037867_BM	[3] #ENSDARG00000037867_DR	-2.77847778 	0.00634072
[2] #ENSDARG00000037867_BB	[3] #ENSDARG00000037867_DR	-2.87073348 	0.00484208
[1] #ENSDARG00000038028_DR	[2] #ENSDARG00000038028_BM	-5.79977966 	0.00000006
[1] #ENSDARG00000038028_DR	[3] #ENSDARG00000038028_BB	-5.53444277 	0.00000019
[2] #ENSDARG00000038028_BM	[3] #ENSDARG00000038028_BB	-0.94175742 	0.34820889
[1] #ENSDARG00000038577_DR	[2] #ENSDARG00000038577_BM	-4.38375452 	0.00002516
[1] #ENSDARG00000038577_DR	[3] #ENSDARG00000038577_BB	-4.92130873 	0.00000277
[2] #ENSDARG00000038577_BM	[3] #ENSDARG00000038577_BB	-1.22098223 	0.22448633
[1] #ENSDARG00000038608_DR	[2] #ENSDARG00000038608_BM	-3.48010234 	0.00069949
[1] #ENSDARG00000038608_DR	[3] #ENSDARG00000038608_BB	-3.56187646 	0.00052905
[2] #ENSDARG00000038608_BM	[3] #ENSDARG00000038608_BB	-0.34361357 	0.73173823
[1] #ENSDARG00000039346_DR	[2] #ENSDARG00000039346_BM	-5.91015806 	0.00000003
[1] #ENSDARG00000039346_DR	[3] #ENSDARG00000039346_BB	-6.10433580 	0.00000001
[2] #ENSDARG00000039346_BM	[3] #ENSDARG00000039346_BB	-1.04711917 	0.29714915
[1] #ENSDARG00000041400_DR	[2] #ENSDARG00000041400_BM	-4.98500017 	0.00000211
[1] #ENSDARG00000041400_DR	[3] #ENSDARG00000041400_BB	-5.02458833 	0.00000178
[2] #ENSDARG00000041400_BM	[3] #ENSDARG00000041400_BB	 1.00229709 	0.31821695
[1] #ENSDARG00000041417_DR	[2] #ENSDARG00000041417_BM	[-10.7243938	 0.0000000
[1] #ENSDARG00000041417_DR	[3] #ENSDARG00000041417_BB	][-10.696348	 0.0000000
[2] #ENSDARG00000041417_BM	[3] #ENSDARG00000041417_BB	 [ -1.918899	  0.057371
[1] #ENSDARG00000042469_DR	[2] #ENSDARG00000042469_BM	-5.03785091 	0.00000168
[1] #ENSDARG00000042469_DR	[3] #ENSDARG00000042469_BB	-5.32782960 	0.00000047
[2] #ENSDARG00000042469_BM	[3] #ENSDARG00000042469_BB	-2.23185753 	0.02748069
[1] #ENSDARG00000042777_DR	[2] #ENSDARG00000042777_BM	-3.00552714 	0.00322895
[1] #ENSDARG00000042777_DR	[3] #ENSDARG00000042777_BB	-2.93062172 	0.00405097
[2] #ENSDARG00000042777_BM	[3] #ENSDARG00000042777_BB	-1.93365981 	0.05550996
[1] #ENSDARG00000043465_DR	[2] #ENSDARG00000043465_BM	-6.99674680 	0.00000000
[1] #ENSDARG00000043465_DR	[3] #ENSDARG00000043465_BB	-5.01438801 	0.00000186
[2] #ENSDARG00000043465_BM	[3] #ENSDARG00000043465_BB	-1.29583046 	0.19752084
[1] #ENSDARG00000044562_DR	[2] #ENSDARG00000044562_BM	-4.18639719 	0.00005431
[1] #ENSDARG00000044562_DR	[3] #ENSDARG00000044562_BB	-4.12676701 	0.00006822
[2] #ENSDARG00000044562_BM	[3] #ENSDARG00000044562_BB	-1.54890002 	0.12403909
[1] #ENSDARG00000045230_DR	[2] #ENSDARG00000045230_BM	-4.11793679 	0.00007055
[1] #ENSDARG00000045230_DR	[3] #ENSDARG00000045230_BB	-4.22868834 	0.00004615
[2] #ENSDARG00000045230_BM	[3] #ENSDARG00000045230_BB	-1.01234185 	0.31341149
[1] #ENSDARG00000045490_DR	[2] #ENSDARG00000045490_BM	-4.69025645 	0.00000729
[1] #ENSDARG00000045490_DR	[3] #ENSDARG00000045490_BB	-4.60542423 	0.00001032
[2] #ENSDARG00000045490_BM	[3] #ENSDARG00000045490_BB	-1.18414277 	0.23869676
[1] #ENSDARG00000045514_DR	[2] #ENSDARG00000045514_BM	-7.96273154 	0.00000000
[1] #ENSDARG00000045514_DR	[3] #ENSDARG00000045514_BB	-7.95370209 	0.00000000
[2] #ENSDARG00000045514_BM	[3] #ENSDARG00000045514_BB	-1.33427688 	0.18463961
[1] #ENSDARG00000045543_BB	[2] #ENSDARG00000045543_DR	-6.07076272 	0.00000002
[1] #ENSDARG00000045543_BB	[3] #ENSDARG00000045543_BM	-1.23672212 	0.21860521
[2] #ENSDARG00000045543_DR	[3] #ENSDARG00000045543_BM	-6.26333360 	0.00000001
[1] #ENSDARG00000051986_DR	[2] #ENSDARG00000051986_BM	-8.30523446 	0.00000000
[1] #ENSDARG00000051986_DR	[3] #ENSDARG00000051986_BB	-8.34974215 	0.00000000
[2] #ENSDARG00000051986_BM	[3] #ENSDARG00000051986_BB	-2.18808157 	0.03060109
[1] #ENSDARG00000052304_DR	[2] #ENSDARG00000052304_BM	-9.47754929 	0.00000000
[1] #ENSDARG00000052304_DR	[3] #ENSDARG00000052304_BB	-9.82472580 	0.00000000
[2] #ENSDARG00000052304_BM	[3] #ENSDARG00000052304_BB	-2.28187850 	0.02425861
[1] #ENSDARG00000053217_DR	[2] #ENSDARG00000053217_BM	-2.64997513 	0.00913453
[1] #ENSDARG00000053217_DR	[3] #ENSDARG00000053217_BB	-2.91764581 	0.00421155
[2] #ENSDARG00000053217_BM	[3] #ENSDARG00000053217_BB	-0.56686266 	0.57186629
[1] #ENSDARG00000054588_DR	[2] #ENSDARG00000054588_BM	-2.93749144 	0.00396825
[1] #ENSDARG00000054588_DR	[3] #ENSDARG00000054588_BB	-3.07893618 	0.00257528
[2] #ENSDARG00000054588_BM	[3] #ENSDARG00000054588_BB	 0.54609165 	0.58601677
[1] #ENSDARG00000054907_DR	[2] #ENSDARG00000054907_BM	-4.28487152 	0.00003711
[1] #ENSDARG00000054907_DR	[3] #ENSDARG00000054907_BB	-4.12961999 	0.00006748
[2] #ENSDARG00000054907_BM	[3] #ENSDARG00000054907_BB	-1.53767505 	0.12676075
[1] #ENSDARG00000055712_DR	[2] #ENSDARG00000055712_BM	-4.16437218 	0.00005910
[1] #ENSDARG00000055712_DR	[3] #ENSDARG00000055712_BB	-3.61225792 	0.00044443
[2] #ENSDARG00000055712_BM	[3] #ENSDARG00000055712_BB	-1.29902086 	0.19642721
[1] #ENSDARG00000056008_DR	[2] #ENSDARG00000056008_BM	-5.10546065 	0.00000125
[1] #ENSDARG00000056008_DR	[3] #ENSDARG00000056008_BB	-4.78969764 	0.00000482
[2] #ENSDARG00000056008_BM	[3] #ENSDARG00000056008_BB	-1.24735447 	0.21469641
[1] #ENSDARG00000056108_DR	[2] #ENSDARG00000056108_BM	-3.55285758 	0.00054572
[1] #ENSDARG00000056108_DR	[3] #ENSDARG00000056108_BB	-4.03848530 	0.00009521
[2] #ENSDARG00000056108_BM	[3] #ENSDARG00000056108_BB	-1.88062620 	0.06244676
[1] #ENSDARG00000056583_DR	[2] #ENSDARG00000056583_BM	-4.74908278 	0.00000571
[1] #ENSDARG00000056583_DR	[3] #ENSDARG00000056583_BB	-4.71655918 	0.00000654
[2] #ENSDARG00000056583_BM	[3] #ENSDARG00000056583_BB	-1.22123481 	0.22439106
[1] #ENSDARG00000057055_DR	[2] #ENSDARG00000057055_BB	            	
[1] #ENSDARG00000057055_DR		 	
[2] #ENSDARG00000057055_BB			
[1] #ENSDARG00000057853_DR	[2] #ENSDARG00000057853_BM	-5.91279343 	0.00000003
[1] #ENSDARG00000057853_DR	[3] #ENSDARG00000057853_BB	-6.37971956 	0.00000000
[2] #ENSDARG00000057853_BM	[3] #ENSDARG00000057853_BB	-0.73373537 	0.46454117
[1] #ENSDARG00000058041_DR	[2] #ENSDARG00000058041_BM	-5.10494569 	0.00000126
[1] #ENSDARG00000058041_DR	[3] #ENSDARG00000058041_BB	-5.21663146 	0.00000077
[2] #ENSDARG00000058041_BM	[3] #ENSDARG00000058041_BB	-1.18537847 	0.23820991
[1] #ENSDARG00000059057_DR	[2] #ENSDARG00000059057_BM	-4.36302551 	0.00002731
[1] #ENSDARG00000059057_DR	[3] #ENSDARG00000059057_BB	-4.02214791 	0.00010122
[2] #ENSDARG00000059057_BM	[3] #ENSDARG00000059057_BB	-1.42816996 	0.15584045
[1] #ENSDARG00000060196_DR	[2] #ENSDARG00000060196_BM	-5.35423549 	0.00000042
[1] #ENSDARG00000060196_DR	[3] #ENSDARG00000060196_BB	-5.26989895 	0.00000061
[2] #ENSDARG00000060196_BM	[3] #ENSDARG00000060196_BB	-0.47340578 	0.63678379
[1] #ENSDARG00000061004_DR	[2] #ENSDARG00000061004_BM	-7.94883761 	0.00000000
[1] #ENSDARG00000061004_DR	[3] #ENSDARG00000061004_BB	-7.83233637 	0.00000000
[2] #ENSDARG00000061004_BM	[3] #ENSDARG00000061004_BB	-0.65552948 	0.51338170
[1] #ENSDARG00000063895_DR	[2] #ENSDARG00000063895_BM	[-13.8012729	 0.0000000
[1] #ENSDARG00000063895_DR	[3] #ENSDARG00000063895_BB	][-17.251026	 0.0000000
[2] #ENSDARG00000063895_BM	[3] #ENSDARG00000063895_BB	 [ -9.109544	  0.000000
[1] #ENSDARG00000063899_DR	[2] #ENSDARG00000063899_BM	-7.59051204 	0.00000000
[1] #ENSDARG00000063899_DR	[3] #ENSDARG00000063899_BB	-8.88074340 	0.00000000
[2] #ENSDARG00000063899_BM	[3] #ENSDARG00000063899_BB	-3.47826061 	0.00070387
[1] #ENSDARG00000063905_DR	[2] #ENSDARG00000063905_BM	[-12.3194044	 0.0000000
[1] #ENSDARG00000063905_DR	[3] #ENSDARG00000063905_BB	][-12.582029	 0.0000000
[2] #ENSDARG00000063905_BM	[3] #ENSDARG00000063905_BB	 [ -6.889792	  0.000000
[1] #ENSDARG00000063908_DR	[2] #ENSDARG00000063908_BM	[-11.1197666	 0.0000000
[1] #ENSDARG00000063908_DR	[3] #ENSDARG00000063908_BB	][-11.037123	 0.0000000
[2] #ENSDARG00000063908_BM	[3] #ENSDARG00000063908_BB	 [ -4.241911	  0.000043
[1] #ENSDARG00000063911_BB	[2] #ENSDARG00000063911_DR	[-11.5557894	 0.0000000
[1] #ENSDARG00000063911_BB	[3] #ENSDARG00000063911_BM	][ -4.435056	 0.0000205
[2] #ENSDARG00000063911_DR	[3] #ENSDARG00000063911_BM	 [-11.167797	  0.000000
[1] #ENSDARG00000063912_DR	[2] #ENSDARG00000063912_BM	-6.67801655 	0.00000000
[1] #ENSDARG00000063912_DR	[3] #ENSDARG00000063912_BB	-6.15890380 	0.00000001
[2] #ENSDARG00000063912_BM	[3] #ENSDARG00000063912_BB	-2.99464584 	0.00333795
[1] #ENSDARG00000063917_DR	[2] #ENSDARG00000063917_BM	[-10.5841979	 0.0000000
[1] #ENSDARG00000063917_DR	[3] #ENSDARG00000063917_BB	][-10.354690	 0.0000000
[2] #ENSDARG00000063917_BM	[3] #ENSDARG00000063917_BB	 [ -5.250525	  0.000000
[1] #ENSDARG00000063921_DR	[2] #ENSDARG00000063921_BM	[-13.4205376	 0.0000000
[1] #ENSDARG00000063921_DR	[3] #ENSDARG00000063921_BB	][-13.070753	 0.0000000
[2] #ENSDARG00000063921_BM	[3] #ENSDARG00000063921_BB	 [ -8.088288	  0.000000
[1] #ENSDARG00000063922_DR	[2] #ENSDARG00000063922_BM	            	
[1] #ENSDARG00000063922_DR			
[2] #ENSDARG00000063922_BM			
[1] #ENSDARG00000063924_DR	[2] #ENSDARG00000063924_BM	[-13.7809796	 0.0000000
[1] #ENSDARG00000063924_DR	[3] #ENSDARG00000063924_BB	][-12.463598	 0.0000000
[2] #ENSDARG00000063924_BM	[3] #ENSDARG00000063924_BB	 [ -6.992726	  0.000000
[1] #ENSDARG00000069090_DR	[2] #ENSDARG00000069090_BM	-5.19596084 	0.00000085
[1] #ENSDARG00000069090_DR	[3] #ENSDARG00000069090_BB	-4.52013013 	0.00001459
[2] #ENSDARG00000069090_BM	[3] #ENSDARG00000069090_BB	-2.87078306 	0.00484137
[1] #ENSDARG00000069920_BM	[2] #ENSDARG00000069920_DR	-6.14957739 	0.00000001
[1] #ENSDARG00000069920_BM	[3] #ENSDARG00000069920_BB	-0.97892048 	0.32958869
[2] #ENSDARG00000069920_DR	[3] #ENSDARG00000069920_BB	-6.01375160 	0.00000002
[1] #ENSDARG00000070083_DR	[2] #ENSDARG00000070083_BM	-9.99442624 	0.00000000
[1] #ENSDARG00000070083_DR	[3] #ENSDARG00000070083_BB	-9.43418320 	0.00000000
[2] #ENSDARG00000070083_BM	[3] #ENSDARG00000070083_BB	-4.90429713 	0.00000298
[1] #ENSDARG00000070723_DR	[2] #ENSDARG00000070723_BM	-3.34051723 	0.00111494
[1] #ENSDARG00000070723_DR	[3] #ENSDARG00000070723_BB	-3.30996667 	0.00123250
[2] #ENSDARG00000070723_BM	[3] #ENSDARG00000070723_BB	-0.54585445 	0.58617931
[1] #ENSDARG00000071691_BM	[2] #ENSDARG00000071691_DR	-7.72892682 	0.00000000
[1] #ENSDARG00000071691_BM	[3] #ENSDARG00000071691_BB	-2.26563608 	0.02526650
[2] #ENSDARG00000071691_DR	[3] #ENSDARG00000071691_BB	-7.89745850 	0.00000000
[1] #ENSDARG00000075709_DR	[2] #ENSDARG00000075709_BM	            	
[1] #ENSDARG00000075709_DR			
[2] #ENSDARG00000075709_BM			
[1] #ENSDARG00000075768_DR	[2] #ENSDARG00000075768_BB	[ -9.7334020	 0.0000000
[1] #ENSDARG00000075768_DR	[3] #ENSDARG00000075768_BM	][-23.190983	 0.0000000
[2] #ENSDARG00000075768_BB	[3] #ENSDARG00000075768_BM	 [-26.811683	  0.000000
[1] #ENSDARG00000075933_DR	[2] #ENSDARG00000075933_BM	[-10.8892215	 0.0000000
[1] #ENSDARG00000075933_DR	[3] #ENSDARG00000075933_BB	][-10.877445	 0.0000000
[2] #ENSDARG00000075933_BM	[3] #ENSDARG00000075933_BB	 [ -0.842020	  0.401451
[1] #ENSDARG00000076318_BB	[2] #ENSDARG00000076318_DR	[-12.0704506	 0.0000000
[1] #ENSDARG00000076318_BB	[3] #ENSDARG00000076318_BM	][ -4.226940	 0.0000464
[2] #ENSDARG00000076318_DR	[3] #ENSDARG00000076318_BM	 [-12.635808	  0.000000
[1] #ENSDARG00000078113_BM	[2] #ENSDARG00000078113_DR	-4.09275830 	0.00007761
[1] #ENSDARG00000078113_BM	[3] #ENSDARG00000078113_BB	-1.65139408 	0.10127274
[2] #ENSDARG00000078113_DR	[3] #ENSDARG00000078113_BB	-4.72080240 	0.00000642
[1] #ENSDARG00000088383_DR	[2] #ENSDARG00000088383_BM	-5.23397955 	0.00000072
[1] #ENSDARG00000088383_DR	[3] #ENSDARG00000088383_BB	-5.30669962 	0.00000052
[2] #ENSDARG00000088383_BM	[3] #ENSDARG00000088383_BB	-1.53172895 	0.12822142
[1] #ENSDARG00000090389_DR	[2] #ENSDARG00000090389_BM	-2.78828864 	0.00616332
[1] #ENSDARG00000090389_DR	[3] #ENSDARG00000090389_BB	-3.08670224 	0.00251381
[2] #ENSDARG00000090389_BM	[3] #ENSDARG00000090389_BB	 0.19594639 	0.84498356
[1] #ENSDARG00000095273_DR	[2] #ENSDARG00000095273_BM	-3.38525045 	0.00096161
[1] #ENSDARG00000095273_DR	[3] #ENSDARG00000095273_BB	-4.45455954 	0.00001899
[2] #ENSDARG00000095273_BM	[3] #ENSDARG00000095273_BB	-2.09282001 	0.03847216
[1] #ENSDARG00000095793_DR	[2] #ENSDARG00000095793_BM	-3.65443930 	0.00038358
[1] #ENSDARG00000095793_DR	[3] #ENSDARG00000095793_BB	-3.99482100 	0.00011209
[2] #ENSDARG00000095793_BM	[3] #ENSDARG00000095793_BB	-0.35467639 	0.72345459
[1] #ENSDARG00000098355_BM	[2] #ENSDARG00000098355_DR	-7.29687986 	0.00000000
[1] #ENSDARG00000098355_BM	[3] #ENSDARG00000098355_BB	-0.57560204 	0.56596204
[2] #ENSDARG00000098355_DR	[3] #ENSDARG00000098355_BB	-6.33700497 	0.00000000
[1] #ENSDARG00000099499_DR	[2] #ENSDARG00000099499_BM	-2.64090914 	0.00936849
[1] #ENSDARG00000099499_DR	[3] #ENSDARG00000099499_BB	-2.65210650 	0.00908030
[2] #ENSDARG00000099499_BM	[3] #ENSDARG00000099499_BB	-1.65573224 	0.10038890
[1] #ENSDARG00000099663_DR	[2] #ENSDARG00000099663_BM	-5.28479531 	0.00000057
[1] #ENSDARG00000099663_DR	[3] #ENSDARG00000099663_BB	-5.13863283 	0.00000109
[2] #ENSDARG00000099663_BM	[3] #ENSDARG00000099663_BB	-1.75074254 	0.08254578
[1] #ENSDARG00000102115_DR	[2] #ENSDARG00000102115_BM	-4.91774495 	0.00000281
[1] #ENSDARG00000102115_DR	[3] #ENSDARG00000102115_BB	-4.89749838 	0.00000306
[2] #ENSDARG00000102115_BM	[3] #ENSDARG00000102115_BB	-0.37651816 	0.70719663
[1] #ENSDARG00000103101_DR	[2] #ENSDARG00000103101_BB	            	
[1] #ENSDARG00000103101_DR			
[2] #ENSDARG00000103101_BB			
[1] #ENSDARG00000103114_DR	[2] #ENSDARG00000103114_BM	            	
[1] #ENSDARG00000103114_DR			
[2] #ENSDARG00000103114_BM			
[1] #ENSDARG00000103971_DR	[2] #ENSDARG00000103971_BB	            	
[1] #ENSDARG00000103971_DR		 	
[2] #ENSDARG00000103971_BB			
[1] #ENSDARG00000104517_DR	[2] #ENSDARG00000104517_BB	-5.09514779 	0.00000131
[1] #ENSDARG00000104517_DR	[3] #ENSDARG00000104517_BM	-3.38295208 	0.00096898
[2] #ENSDARG00000104517_BB	[3] #ENSDARG00000104517_BM	-1.42272473 	0.15741037
[1] #ENSDARG00000104537_DR	[2] #ENSDARG00000104537_BM	 1.04950863 	0.29605316
[1] #ENSDARG00000104537_DR	[3] #ENSDARG00000104537_BB	 1.40498781 	0.16260832
[2] #ENSDARG00000104537_BM	[3] #ENSDARG00000104537_BB	-0.34327837 	0.73198972
[1] #ENSDARG00000105142_DR	[2] #ENSDARG00000105142_BB	[-15.2348971	 0.0000000
[1] #ENSDARG00000105142_DR	[3] #ENSDARG00000105142_BM	][-13.617530	 0.0000000
[2] #ENSDARG00000105142_BB	[3] #ENSDARG00000105142_BM	 [ -2.646529	  0.009222
